{"serial": "241122306275", "depth_scale": 0.0010000000474974513, "streams": {"color": {"index": 0, "width": 640, "height": 480, "uid": 1, "fps": 30, "bpp": 3, "intrinsics": {"width": 640, "height": 480, "ppx": 327.4032287597656, "ppy": 241.28480529785156, "fx": 384.0901184082031, "fy": 384.0901184082031, "coeffs": [-0.05642000213265419, 0.06835503876209259, -0.0007815422140993178, 0.00010459006443852559, -0.022728653624653816]}}, "depth": {"index": 0, "width": 640, "height": 480, "uid": 0, "fps": 30, "bpp": 2, "intrinsics": {"width": 640, "height": 480, "ppx": 323.0860595703125, "ppy": 241.2977294921875, "fx": 391.09271240234375, "fy": 391.09271240234375, "coeffs": [0.0, 0.0, 0.0, 0.0, 0.0]}}}}