{"serial": "239622300610", "depth_scale": 0.0010000000474974513, "streams": [{"stream_type": 0, "width": 640, "height": 480, "fps": 30, "bpp": 3, "intrinsics": {"width": 640, "height": 480, "ppx": 325.5551452636719, "ppy": 241.92816162109375, "fx": 386.2586975097656, "fy": 386.2586975097656, "coeffs": [-0.05588003620505333, 0.06554652005434036, 7.778604776831344e-05, 0.00077313173096627, -0.020915167406201363]}}, {"stream_type": 1, "width": 640, "height": 480, "fps": 30, "bpp": 2, "intrinsics": {"width": 640, "height": 480, "ppx": 323.0679016113281, "ppy": 243.03182983398438, "fx": 391.4391784667969, "fy": 391.4391784667969, "coeffs": [0.0, 0.0, 0.0, 0.0, 0.0]}}]}